airport_row_id,monitor_row_id,distance_m,distance_km,distance_band,airport_id,airport_ident,gps_code,local_code,airport_name,airport_type,airport_county_fips,airport_county_name,monitor_id,county_fips,state_name,county_name,monitor_lat,monitor_lon,same_county,is_reid_hillview
222,142,4005.560254452705,4.005560254452705,3-5 km,6889,06N,K06N,06N,Randall Airport,small_airport,36071,Orange,360713001,36071,New York,Orange,41.46107,-74.36343,TRUE,FALSE
222,143,4315.783699403665,4.315783699403665,3-5 km,6889,06N,K06N,06N,Randall Airport,small_airport,36071,Orange,360713002,36071,New York,Orange,41.45869,-74.35404,TRUE,FALSE
563,184,3466.35218355525,3.46635218355525,3-5 km,7488,0PN2,0PN2,0PN2,Flying Acres Airport,small_airport,42019,Butler,420190020,42019,Pennsylvania,Butler,41.0632,-80.0309,TRUE,FALSE
772,259,4318.815837631412,4.318815837631412,3-5 km,7897,14N,NA,14N,Beltzville Airport,small_airport,42025,Carbon,420250217,42025,Pennsylvania,Carbon,40.812488,-75.60594,TRUE,FALSE
910,190,1629.7204352368594,1.6297204352368595,1-3 km,8115,18PN,18PN,18PN,Spud View Airport,small_airport,42055,Franklin,420550002,42055,Pennsylvania,Franklin,40.059828,-77.710608,TRUE,FALSE
2066,108,4698.678273486396,4.698678273486396,3-5 km,10151,35MN,35MN,35MN,Wipline Airport,small_airport,27037,Dakota,271630438,27163,Minnesota,Washington,44.85711,-93.00352,FALSE,FALSE
2413,199,4513.852411618873,4.513852411618873,3-5 km,10744,3PA6,3PA6,3PA6,Fox Hollow Airport,small_airport,42119,Union,421190001,42119,Pennsylvania,Union,40.95517,-76.88189,TRUE,FALSE
3927,37,2221.845679611351,2.221845679611351,1-3 km,13222,6CL8,6CL8,6CL8,Harley Airport,small_airport,06077,San Joaquin,060771002,06077,California,San Joaquin,37.950741,-121.268523,TRUE,FALSE
3927,260,3555.0756939666953,3.555075693966695,3-5 km,13222,6CL8,6CL8,6CL8,Harley Airport,small_airport,06077,San Joaquin,060771003,06077,California,San Joaquin,37.961578,-121.281414,TRUE,FALSE
4822,193,4732.563116638382,4.7325631166383815,3-5 km,516637,88PS,88PS,88PS,Indian Springs Airport,small_airport,42071,Lancaster,420710009,42071,Pennsylvania,Lancaster,40.108944,-76.472235,TRUE,FALSE
6500,66,3808.0290741908725,3.8080290741908724,3-5 km,18125,IN56,IN56,IN56,Carroll's Airpark,small_airport,18035,Delaware,180350009,18035,Indiana,Delaware,40.158417,-85.415021,TRUE,FALSE
6569,137,4723.923748687679,4.723923748687679,3-5 km,18307,K01,K01,K01,Farington Field,small_airport,31127,Nemaha,311270002,31127,Nebraska,Nemaha,40.402544,-95.841639,TRUE,FALSE
7500,92,866.924477130158,0.8669244771301581,0-1 km,19281,KANE,KANE,ANE,Anoka County-Blaine (Janes Field) Airport,small_airport,27003,Anoka,270031002,27003,Minnesota,Anoka,45.13768,-93.207615,TRUE,FALSE
7560,195,2328.6536675008824,2.328653667500882,1-3 km,3388,KAVP,KAVP,AVP,Wilkes-Barre/Scranton International Airport,medium_airport,42079,Luzerne,420790036,42079,Pennsylvania,Luzerne,41.348869,-75.747322,TRUE,FALSE
7614,230,4597.3567084385295,4.59735670843853,3-5 km,3401,KBFI,KBFI,BFI,King County International Airport - Boeing Field,medium_airport,53033,King,530330080,53033,Washington,King,47.568236,-122.308628,TRUE,FALSE
7643,150,4532.50345801144,4.53250345801144,3-5 km,3414,KBKL,KBKL,BKL,Burke Lakefront Airport,medium_airport,39035,Cuyahoga,390350038,39035,Ohio,Cuyahoga,41.477011,-81.682383,TRUE,FALSE
7643,151,4474.959941278503,4.474959941278502,3-5 km,3414,KBKL,KBKL,BKL,Burke Lakefront Airport,medium_airport,39035,Cuyahoga,390350042,39035,Ohio,Cuyahoga,41.4823,-81.708906,TRUE,FALSE
7643,153,2869.3768288416086,2.8693768288416086,1-3 km,3414,KBKL,KBKL,BKL,Burke Lakefront Airport,medium_airport,39035,Cuyahoga,390350060,39035,Ohio,Cuyahoga,41.492117,-81.678449,TRUE,FALSE
7803,10,4072.629303111573,4.072629303111573,3-5 km,19498,KCIC,KCIC,CIC,Chico Regional Airport,small_airport,06007,Butte,060070008,06007,California,Butte,39.76168,-121.84047,TRUE,FALSE
7859,16,3800.5797073765993,3.8005797073765994,3-5 km,19539,KCPM,KCPM,CPM,Compton Woodley Airport,small_airport,06037,Los Angeles,060371302,06037,California,Los Angeles,33.901389,-118.205,TRUE,FALSE
7873,35,762.8046417740065,0.7628046417740065,0-1 km,19552,KCRQ,KCRQ,CRQ,McClellan-Palomar Airport,medium_airport,06073,San Diego,060731023,06073,California,San Diego,33.130897,-117.272389,TRUE,FALSE
7876,232,3861.2028921196475,3.8612028921196475,3-5 km,3467,KCRW,KCRW,CRW,Yeager Airport,medium_airport,54039,Kanawha,540390020,54039,West Virginia,Kanawha,38.346258,-81.621161,TRUE,FALSE
7907,12,2888.9047918463875,2.8889047918463877,1-3 km,3474,KCXL,KCXL,CXL,Calexico International Airport,small_airport,06025,Imperial,060250005,06025,California,Imperial,32.67618,-115.48307,TRUE,FALSE
7953,216,2991.57341465041,2.9915734146504103,1-3 km,3479,KDAL,KDAL,DAL,Dallas Love Field,large_airport,48113,Dallas,481130069,48113,Texas,Dallas,32.820061,-96.860117,TRUE,FALSE
8001,63,3838.459474339295,3.838459474339295,3-5 km,19648,KDPA,KDPA,DPA,Dupage Airport,medium_airport,17043,DuPage,170890113,17089,Illinois,Kane,41.884417,-88.282692,FALSE,FALSE
8014,253,4163.006507503324,4.163006507503324,3-5 km,19658,KDTL,KDTL,DTL,Detroit Lakes Airport,small_airport,27005,Becker,270052013,27005,Minnesota,Becker,46.851811,-95.846272,TRUE,FALSE
8030,6,524.626347223124,0.524626347223124,0-1 km,19672,KDVT,KDVT,DVT,Phoenix Deer Valley Airport,small_airport,04013,Maricopa,040134018,04013,Arizona,Maricopa,33.68449,-112.08633,TRUE,FALSE
8176,140,4002.9047698880154,4.002904769888016,3-5 km,3521,KEWR,KEWR,EWR,Newark Liberty International Airport,large_airport,34013,Essex,340130003,34013,New Jersey,Essex,40.720989,-74.192892,TRUE,FALSE
8234,11,4997.470647928605,4.997470647928605,3-5 km,3524,KFAT,KFAT,FAT,Fresno Yosemite International Airport,large_airport,06019,Fresno,060190011,06019,California,Fresno,36.78538,-119.77321,TRUE,FALSE
8250,135,4541.8660519513205,4.54186605195132,3-5 km,19860,KFET,KFET,FET,Fremont Municipal Airport,small_airport,31053,Dodge,310530005,31053,Nebraska,Dodge,41.425,-96.48,TRUE,FALSE
8447,68,4554.512420331395,4.554512420331395,3-5 km,3575,KGYY,KGYY,GYY,Gary/Chicago International Airport,medium_airport,18089,Lake,180890033,18089,Indiana,Lake,41.64906,-87.447282,TRUE,FALSE
8447,69,4474.731622425922,4.474731622425922,3-5 km,3575,KGYY,KGYY,GYY,Gary/Chicago International Airport,medium_airport,18089,Lake,180890034,18089,Indiana,Lake,41.653501,-87.435561,TRUE,FALSE
8511,110,3745.5882357432224,3.7455882357432224,3-5 km,20058,KHKS,KHKS,HKS,Hawkins Field,small_airport,28049,Hinds,280490020,28049,Mississippi,Hinds,32.329111,-90.182722,TRUE,FALSE
8568,42,4494.059796954401,4.4940597969544,3-5 km,3599,KHVN,KHVN,HVN,Tweed New Haven Airport,medium_airport,09170,South Central Connecticut,090090027,09009,Connecticut,New Haven,41.3014,-72.902871,FALSE,FALSE
8614,161,4035.155135882395,4.035155135882395,3-5 km,20143,KI73,NA,I73,Moraine Air Park,small_airport,39113,Montgomery,391137001,39113,Ohio,Montgomery,39.71451,-84.21804,TRUE,FALSE
8655,71,4888.070573730223,4.888070573730223,3-5 km,3610,KIND,KIND,IND,Indianapolis International Airport,large_airport,18097,Marion,180970063,18097,Indiana,Marion,39.760869,-86.297195,TRUE,FALSE
8804,23,2496.4504133682613,2.4964504133682612,1-3 km,3632,KLAX,KLAX,LAX,Los Angeles International Airport,large_airport,06037,Los Angeles,060375005,06037,California,Los Angeles,33.95507,-118.43049,TRUE,FALSE
8829,22,3571.6783798326433,3.5716783798326435,3-5 km,3644,KLGB,KLGB,LGB,Long Beach International Airport,large_airport,06037,Los Angeles,060374004,06037,California,Los Angeles,33.79236,-118.17533,TRUE,FALSE
8869,77,800.2331678710937,0.8002331678710937,0-1 km,3649,KLOU,KLOU,LOU,Bowman Field,medium_airport,21111,Jefferson,211110067,21111,Kentucky,Jefferson,38.22876,-85.65452,TRUE,FALSE
8982,49,2548.6938313371943,2.5486938313371943,1-3 km,20468,KMAC,KMAC,MAC,Macon Downtown Airport,small_airport,13021,Bibb,130210012,13021,Georgia,Bibb,32.805264,-83.543493,TRUE,FALSE
9046,101,4998.051787031514,4.998051787031514,3-5 km,20508,KMIC,KMIC,MIC,Crystal Airport,small_airport,27053,Hennepin,270531007,27053,Minnesota,Hennepin,45.03972,-93.29874,TRUE,FALSE
9048,267,2311.276530710733,2.311276530710733,1-3 km,20509,KMIO,KMIO,MIO,Miami Municipal Airport,small_airport,40115,Ottawa,401150522,40115,Oklahoma,Ottawa,36.926603,-94.873439,TRUE,FALSE
9056,76,3727.7712965740952,3.7277712965740952,3-5 km,3689,KMKC,KMKC,MKC,Charles B. Wheeler Downtown Airport,medium_airport,29047,Clay,202090021,20209,Kansas,Wyandotte,39.117219,-94.635605,FALSE,FALSE
9570,179,613.803023449608,0.6138030234496079,0-1 km,3842,KRDG,KRDG,RDG,Reading Regional Airport (Carl A Spaatz Field),medium_airport,42011,Berks,420110011,42011,Pennsylvania,Berks,40.38335,-75.9686,TRUE,FALSE
9570,180,4485.016985721154,4.485016985721154,3-5 km,3842,KRDG,KRDG,RDG,Reading Regional Airport (Carl A Spaatz Field),medium_airport,42011,Berks,420110020,42011,Pennsylvania,Berks,40.385981,-75.912856,TRUE,FALSE
9570,183,4275.069952682621,4.275069952682621,3-5 km,3842,KRDG,KRDG,RDG,Reading Regional Airport (Carl A Spaatz Field),medium_airport,42011,Berks,420111717,42011,Pennsylvania,Berks,40.377222,-75.914444,TRUE,FALSE
9584,40,464.03909672841684,0.4640390967284168,0-1 km,20928,KRHV,KRHV,RHV,Reid-Hillview Airport of Santa Clara County,small_airport,06085,Santa Clara,060852011,06085,California,Santa Clara,37.329841,-121.815438,TRUE,TRUE
9589,25,1195.8215555973636,1.1958215555973637,1-3 km,20932,KRIR,KRIR,RIR,Flabob Airport,small_airport,06065,Riverside,060658001,06065,California,Riverside,33.99958,-117.41601,TRUE,FALSE
9712,29,3607.135993554775,3.607135993554775,3-5 km,3867,KSBD,KSBD,SBD,San Bernardino International Airport,large_airport,06071,San Bernardino,060719004,06071,California,San Bernardino,34.106678,-117.274063,TRUE,FALSE
9733,33,985.2819654579906,0.9852819654579906,0-1 km,21047,KSEE,KSEE,SEE,Gillespie Field,small_airport,06073,San Diego,060731018,06073,California,San Diego,32.817978,-116.968133,TRUE,FALSE
9733,34,4832.282300029064,4.832282300029064,3-5 km,21047,KSEE,KSEE,SEE,Gillespie Field,small_airport,06073,San Diego,060731022,06073,California,San Diego,32.789565,-116.944308,TRUE,FALSE
9753,108,2318.233690713937,2.318233690713937,1-3 km,21063,KSGS,KSGS,SGS,South St Paul Municipal Airport/Richard E Fleming Field,small_airport,27037,Dakota,271630438,27163,Minnesota,Washington,44.85711,-93.00352,FALSE,FALSE
9765,39,3390.8204279080574,3.390820427908057,3-5 km,3883,KSJC,KSJC,SJC,Norman Y. Mineta San Jose International Airport,large_airport,06085,Santa Clara,060850005,06085,California,Santa Clara,37.348497,-121.894898,TRUE,FALSE
9780,75,4256.9416179968175,4.256941617996818,3-5 km,3891,KSLN,KSLN,SLN,Salina Municipal Airport,medium_airport,20169,Saline,201690004,20169,Kansas,Saline,38.776473,-97.606494,TRUE,FALSE
9812,38,683.7537623450121,0.6837537623450121,0-1 km,21105,KSQL,KSQL,SQL,San Carlos Airport,medium_airport,06081,San Mateo,060812004,06081,California,San Mateo,37.508162,-122.246305,TRUE,FALSE
9828,102,896.4067681086547,0.8964067681086546,0-1 km,3906,KSTP,KSTP,STP,Saint Paul Downtown Holman Field,medium_airport,27123,Ramsey,271230818,27123,Minnesota,Ramsey,44.926753,-93.059292,TRUE,FALSE
9828,103,3334.995060496912,3.334995060496912,3-5 km,3906,KSTP,KSTP,STP,Saint Paul Downtown Holman Field,medium_airport,27123,Ramsey,271230871,27123,Minnesota,Ramsey,44.95939,-93.03587,TRUE,FALSE
9828,258,1021.0523285468626,1.0210523285468625,1-3 km,3906,KSTP,KSTP,STP,Saint Paul Downtown Holman Field,medium_airport,27123,Ramsey,271230875,27123,Minnesota,Ramsey,44.9271,-93.0671,TRUE,FALSE
9828,270,3566.4187264980997,3.5664187264980995,3-5 km,3906,KSTP,KSTP,STP,Saint Paul Downtown Holman Field,medium_airport,27123,Ramsey,271230890,27123,Minnesota,Ramsey,44.9667,-93.0642,TRUE,FALSE
10473,85,4657.345784837727,4.657345784837727,3-5 km,22069,MI56,NA,56C,Boulder Canyon Airport,small_airport,26067,Ionia,260670002,26067,Michigan,Ionia,43.10172,-85.22327,TRUE,FALSE
10473,86,4602.110929762945,4.602110929762945,3-5 km,22069,MI56,NA,56C,Boulder Canyon Airport,small_airport,26067,Ionia,260670003,26067,Michigan,Ionia,43.099943,-85.222266,TRUE,FALSE
10646,110,3961.7825787521615,3.9617825787521617,3-5 km,22390,MS90,MS90,MS90,Flowood Industrial Airport,small_airport,28121,Rankin,280490020,28049,Mississippi,Hinds,32.329111,-90.182722,FALSE,FALSE
11791,57,2651.8520189699907,2.651852018969991,1-3 km,5447,PHJR,PHJR,JRF,Kalaeloa Airport,medium_airport,15003,Honolulu,150030010,15003,Hawaii,Honolulu,21.323745,-158.088613,TRUE,FALSE
11822,178,3634.26452013123,3.6342645201312296,3-5 km,24145,PN37,PN37,PN37,Fino Airport,small_airport,42007,Beaver,420070727,42007,Pennsylvania,Beaver,40.6119,-80.500451,TRUE,FALSE
12693,193,2508.7959431461845,2.5087959431461844,1-3 km,325427,US-0710,19PN,19PN,Walnut Grove Airport,small_airport,42071,Lancaster,420710009,42071,Pennsylvania,Lancaster,40.108944,-76.472235,TRUE,FALSE
14496,194,4606.350749829671,4.606350749829671,3-5 km,351166,US-6312,9PA3,9PA3,McMillin Landingstrip,small_airport,42073,Lawrence,420730011,42073,Pennsylvania,Lawrence,40.860031,-80.279092,TRUE,FALSE
15747,224,3881.6583399747738,3.881658339974774,3-5 km,25575,W24,W24,W24,Falwell Airport,small_airport,51680,Lynchburg,510090007,51009,Virginia,Amherst,37.41222,-79.116233,FALSE,FALSE
563,184,3466.35218355525,3.46635218355525,0-4 km,7488,0PN2,0PN2,0PN2,Flying Acres Airport,small_airport,42019,Butler,420190020,42019,Pennsylvania,Butler,41.0632,-80.0309,TRUE,FALSE
910,190,1629.7204352368594,1.6297204352368595,0-4 km,8115,18PN,18PN,18PN,Spud View Airport,small_airport,42055,Franklin,420550002,42055,Pennsylvania,Franklin,40.059828,-77.710608,TRUE,FALSE
3927,37,2221.845679611351,2.221845679611351,0-4 km,13222,6CL8,6CL8,6CL8,Harley Airport,small_airport,06077,San Joaquin,060771002,06077,California,San Joaquin,37.950741,-121.268523,TRUE,FALSE
3927,260,3555.0756939666953,3.555075693966695,0-4 km,13222,6CL8,6CL8,6CL8,Harley Airport,small_airport,06077,San Joaquin,060771003,06077,California,San Joaquin,37.961578,-121.281414,TRUE,FALSE
6500,66,3808.0290741908725,3.8080290741908724,0-4 km,18125,IN56,IN56,IN56,Carroll's Airpark,small_airport,18035,Delaware,180350009,18035,Indiana,Delaware,40.158417,-85.415021,TRUE,FALSE
7500,92,866.924477130158,0.8669244771301581,0-4 km,19281,KANE,KANE,ANE,Anoka County-Blaine (Janes Field) Airport,small_airport,27003,Anoka,270031002,27003,Minnesota,Anoka,45.13768,-93.207615,TRUE,FALSE
7560,195,2328.6536675008824,2.328653667500882,0-4 km,3388,KAVP,KAVP,AVP,Wilkes-Barre/Scranton International Airport,medium_airport,42079,Luzerne,420790036,42079,Pennsylvania,Luzerne,41.348869,-75.747322,TRUE,FALSE
7643,153,2869.3768288416086,2.8693768288416086,0-4 km,3414,KBKL,KBKL,BKL,Burke Lakefront Airport,medium_airport,39035,Cuyahoga,390350060,39035,Ohio,Cuyahoga,41.492117,-81.678449,TRUE,FALSE
7859,16,3800.5797073765993,3.8005797073765994,0-4 km,19539,KCPM,KCPM,CPM,Compton Woodley Airport,small_airport,06037,Los Angeles,060371302,06037,California,Los Angeles,33.901389,-118.205,TRUE,FALSE
7873,35,762.8046417740065,0.7628046417740065,0-4 km,19552,KCRQ,KCRQ,CRQ,McClellan-Palomar Airport,medium_airport,06073,San Diego,060731023,06073,California,San Diego,33.130897,-117.272389,TRUE,FALSE
7876,232,3861.2028921196475,3.8612028921196475,0-4 km,3467,KCRW,KCRW,CRW,Yeager Airport,medium_airport,54039,Kanawha,540390020,54039,West Virginia,Kanawha,38.346258,-81.621161,TRUE,FALSE
7907,12,2888.9047918463875,2.8889047918463877,0-4 km,3474,KCXL,KCXL,CXL,Calexico International Airport,small_airport,06025,Imperial,060250005,06025,California,Imperial,32.67618,-115.48307,TRUE,FALSE
7953,216,2991.57341465041,2.9915734146504103,0-4 km,3479,KDAL,KDAL,DAL,Dallas Love Field,large_airport,48113,Dallas,481130069,48113,Texas,Dallas,32.820061,-96.860117,TRUE,FALSE
8001,63,3838.459474339295,3.838459474339295,0-4 km,19648,KDPA,KDPA,DPA,Dupage Airport,medium_airport,17043,DuPage,170890113,17089,Illinois,Kane,41.884417,-88.282692,FALSE,FALSE
8030,6,524.626347223124,0.524626347223124,0-4 km,19672,KDVT,KDVT,DVT,Phoenix Deer Valley Airport,small_airport,04013,Maricopa,040134018,04013,Arizona,Maricopa,33.68449,-112.08633,TRUE,FALSE
8511,110,3745.5882357432224,3.7455882357432224,0-4 km,20058,KHKS,KHKS,HKS,Hawkins Field,small_airport,28049,Hinds,280490020,28049,Mississippi,Hinds,32.329111,-90.182722,TRUE,FALSE
8804,23,2496.4504133682613,2.4964504133682612,0-4 km,3632,KLAX,KLAX,LAX,Los Angeles International Airport,large_airport,06037,Los Angeles,060375005,06037,California,Los Angeles,33.95507,-118.43049,TRUE,FALSE
8829,22,3571.6783798326433,3.5716783798326435,0-4 km,3644,KLGB,KLGB,LGB,Long Beach International Airport,large_airport,06037,Los Angeles,060374004,06037,California,Los Angeles,33.79236,-118.17533,TRUE,FALSE
8869,77,800.2331678710937,0.8002331678710937,0-4 km,3649,KLOU,KLOU,LOU,Bowman Field,medium_airport,21111,Jefferson,211110067,21111,Kentucky,Jefferson,38.22876,-85.65452,TRUE,FALSE
8982,49,2548.6938313371943,2.5486938313371943,0-4 km,20468,KMAC,KMAC,MAC,Macon Downtown Airport,small_airport,13021,Bibb,130210012,13021,Georgia,Bibb,32.805264,-83.543493,TRUE,FALSE
9048,267,2311.276530710733,2.311276530710733,0-4 km,20509,KMIO,KMIO,MIO,Miami Municipal Airport,small_airport,40115,Ottawa,401150522,40115,Oklahoma,Ottawa,36.926603,-94.873439,TRUE,FALSE
9056,76,3727.7712965740952,3.7277712965740952,0-4 km,3689,KMKC,KMKC,MKC,Charles B. Wheeler Downtown Airport,medium_airport,29047,Clay,202090021,20209,Kansas,Wyandotte,39.117219,-94.635605,FALSE,FALSE
9570,179,613.803023449608,0.6138030234496079,0-4 km,3842,KRDG,KRDG,RDG,Reading Regional Airport (Carl A Spaatz Field),medium_airport,42011,Berks,420110011,42011,Pennsylvania,Berks,40.38335,-75.9686,TRUE,FALSE
9584,40,464.03909672841684,0.4640390967284168,0-4 km,20928,KRHV,KRHV,RHV,Reid-Hillview Airport of Santa Clara County,small_airport,06085,Santa Clara,060852011,06085,California,Santa Clara,37.329841,-121.815438,TRUE,TRUE
9589,25,1195.8215555973636,1.1958215555973637,0-4 km,20932,KRIR,KRIR,RIR,Flabob Airport,small_airport,06065,Riverside,060658001,06065,California,Riverside,33.99958,-117.41601,TRUE,FALSE
9712,29,3607.135993554775,3.607135993554775,0-4 km,3867,KSBD,KSBD,SBD,San Bernardino International Airport,large_airport,06071,San Bernardino,060719004,06071,California,San Bernardino,34.106678,-117.274063,TRUE,FALSE
9733,33,985.2819654579906,0.9852819654579906,0-4 km,21047,KSEE,KSEE,SEE,Gillespie Field,small_airport,06073,San Diego,060731018,06073,California,San Diego,32.817978,-116.968133,TRUE,FALSE
9753,108,2318.233690713937,2.318233690713937,0-4 km,21063,KSGS,KSGS,SGS,South St Paul Municipal Airport/Richard E Fleming Field,small_airport,27037,Dakota,271630438,27163,Minnesota,Washington,44.85711,-93.00352,FALSE,FALSE
9765,39,3390.8204279080574,3.390820427908057,0-4 km,3883,KSJC,KSJC,SJC,Norman Y. Mineta San Jose International Airport,large_airport,06085,Santa Clara,060850005,06085,California,Santa Clara,37.348497,-121.894898,TRUE,FALSE
9812,38,683.7537623450121,0.6837537623450121,0-4 km,21105,KSQL,KSQL,SQL,San Carlos Airport,medium_airport,06081,San Mateo,060812004,06081,California,San Mateo,37.508162,-122.246305,TRUE,FALSE
9828,102,896.4067681086547,0.8964067681086546,0-4 km,3906,KSTP,KSTP,STP,Saint Paul Downtown Holman Field,medium_airport,27123,Ramsey,271230818,27123,Minnesota,Ramsey,44.926753,-93.059292,TRUE,FALSE
9828,103,3334.995060496912,3.334995060496912,0-4 km,3906,KSTP,KSTP,STP,Saint Paul Downtown Holman Field,medium_airport,27123,Ramsey,271230871,27123,Minnesota,Ramsey,44.95939,-93.03587,TRUE,FALSE
9828,258,1021.0523285468626,1.0210523285468625,0-4 km,3906,KSTP,KSTP,STP,Saint Paul Downtown Holman Field,medium_airport,27123,Ramsey,271230875,27123,Minnesota,Ramsey,44.9271,-93.0671,TRUE,FALSE
9828,270,3566.4187264980997,3.5664187264980995,0-4 km,3906,KSTP,KSTP,STP,Saint Paul Downtown Holman Field,medium_airport,27123,Ramsey,271230890,27123,Minnesota,Ramsey,44.9667,-93.0642,TRUE,FALSE
10646,110,3961.7825787521615,3.9617825787521617,0-4 km,22390,MS90,MS90,MS90,Flowood Industrial Airport,small_airport,28121,Rankin,280490020,28049,Mississippi,Hinds,32.329111,-90.182722,FALSE,FALSE
11791,57,2651.8520189699907,2.651852018969991,0-4 km,5447,PHJR,PHJR,JRF,Kalaeloa Airport,medium_airport,15003,Honolulu,150030010,15003,Hawaii,Honolulu,21.323745,-158.088613,TRUE,FALSE
11822,178,3634.26452013123,3.6342645201312296,0-4 km,24145,PN37,PN37,PN37,Fino Airport,small_airport,42007,Beaver,420070727,42007,Pennsylvania,Beaver,40.6119,-80.500451,TRUE,FALSE
12693,193,2508.7959431461845,2.5087959431461844,0-4 km,325427,US-0710,19PN,19PN,Walnut Grove Airport,small_airport,42071,Lancaster,420710009,42071,Pennsylvania,Lancaster,40.108944,-76.472235,TRUE,FALSE
15747,224,3881.6583399747738,3.881658339974774,0-4 km,25575,W24,W24,W24,Falwell Airport,small_airport,51680,Lynchburg,510090007,51009,Virginia,Amherst,37.41222,-79.116233,FALSE,FALSE
